-1011,23,-482,1,true,false
-1011,23,-481,2,true,false
-1011,23,-480,3,true,false
-1011,23,-478,3,true,false
-1010,22,-482,0,false,false
-1010,22,-481,0,false,false
-1010,22,-480,0,false,false
-1010,22,-478,0,false,false
-1010,23,-483,1,true,false
-1010,23,-482,2,true,false
-1010,23,-481,3,true,false
-1010,23,-480,4,true,false
-1010,23,-479,4,true,false
-1010,23,-478,4,true,false
-1010,23,-477,4,true,false
-1010,24,-482,1,true,false
-1010,24,-481,2,true,false
-1010,24,-480,3,true,false
-1010,24,-478,3,true,false
-1009,14,-482,13,true,false
-1009,14,-481,14,true,false
-1009,14,-480,15,true,false
-1009,14,-478,15,true,false
-1009,15,-482,12,true,false
-1009,15,-481,13,true,false
-1009,15,-480,14,true,false
-1009,15,-478,14,true,false
-1009,16,-482,11,true,false
-1009,16,-481,12,true,false
-1009,16,-480,13,true,false
-1009,16,-478,13,true,false
-1009,17,-482,10,true,false
-1009,17,-481,11,true,false
-1009,17,-480,12,true,false
-1009,17,-478,12,true,false
-1009,18,-482,9,true,false
-1009,18,-481,10,true,false
-1009,18,-480,11,true,false
-1009,18,-478,11,true,false
-1009,19,-482,0,false,false
-1009,19,-481,0,false,false
-1009,19,-480,0,false,false
-1009,19,-478,0,false,false
-1009,20,-482,0,false,false
-1009,20,-481,0,false,false
-1009,20,-480,0,false,false
-1009,20,-478,0,false,false
-1009,21,-482,0,false,false
-1009,21,-481,0,false,false
-1009,21,-480,0,false,false
-1009,21,-478,0,false,false
-1009,22,-482,0,false,false
-1009,22,-481,0,false,false
-1009,22,-480,0,false,false
-1009,22,-478,0,false,false
-1009,23,-483,2,true,false
-1009,23,-482,3,true,false
-1009,23,-481,4,true,false
-1009,23,-480,5,true,false
-1009,23,-479,5,true,false
-1009,23,-478,5,true,false
-1009,23,-477,5,true,false
-1009,24,-482,2,true,false
-1009,24,-481,3,true,false
-1009,24,-480,4,true,false
-1009,24,-478,4,true,false
-1008,13,-482,12,true,false
-1008,13,-481,13,true,false
-1008,13,-480,15,true,false
-1008,13,-478,15,true,false
-1008,14,-483,12,true,false
-1008,14,-482,13,true,false
-1008,14,-481,14,true,false
-1008,14,-480,15,true,false
-1008,14,-479,15,true,false
-1008,14,-478,15,true,false
-1008,14,-477,15,true,false
-1008,15,-483,11,true,false
-1008,15,-482,12,true,false
-1008,15,-481,13,true,false
-1008,15,-480,14,true,false
-1008,15,-479,14,true,false
-1008,15,-478,14,true,false
-1008,15,-477,14,true,false
-1008,16,-483,10,true,false
-1008,16,-482,11,true,false
-1008,16,-481,12,true,false
-1008,16,-480,13,true,false
-1008,16,-479,13,true,false
-1008,16,-478,13,true,false
-1008,16,-477,13,true,false
-1008,17,-483,9,true,false
-1008,17,-482,10,true,false
-1008,17,-481,11,true,false
-1008,17,-480,12,true,false
-1008,17,-479,12,true,false
-1008,17,-478,12,true,false
-1008,17,-477,12,true,false
-1008,18,-483,8,true,false
-1008,18,-482,9,true,false
-1008,18,-481,10,true,false
-1008,18,-480,11,true,false
-1008,18,-479,11,true,false
-1008,18,-478,11,true,false
-1008,18,-477,11,true,false
-1008,19,-483,7,true,false
-1008,19,-482,8,true,false
-1008,19,-481,9,true,false
-1008,19,-480,10,true,false
-1008,19,-479,10,true,false
-1008,19,-478,10,true,false
-1008,19,-477,10,true,false
-1008,20,-483,6,true,false
-1008,20,-482,7,true,false
-1008,20,-481,8,true,false
-1008,20,-480,9,true,false
-1008,20,-479,9,true,false
-1008,20,-478,9,true,false
-1008,20,-477,9,true,false
-1008,21,-483,5,true,false
-1008,21,-482,6,true,false
-1008,21,-481,7,true,false
-1008,21,-480,8,true,false
-1008,21,-479,8,true,false
-1008,21,-478,8,true,false
-1008,21,-477,8,true,false
-1008,22,-483,4,true,false
-1008,22,-482,5,true,false
-1008,22,-481,6,true,false
-1008,22,-480,7,true,false
-1008,22,-479,7,true,false
-1008,22,-478,7,true,false
-1008,22,-477,7,true,false
-1008,23,-483,3,true,false
-1008,23,-482,4,true,false
-1008,23,-481,5,true,false
-1008,23,-480,6,true,false
-1008,23,-479,6,true,false
-1008,23,-478,6,true,false
-1008,23,-477,6,true,false
-1008,24,-482,3,true,false
-1008,24,-481,4,true,false
-1008,24,-480,5,true,false
-1008,24,-478,5,true,false
-1007,14,-482,13,true,false
-1007,14,-481,14,true,false
-1007,14,-480,15,true,false
-1007,14,-478,15,true,false
-1007,15,-482,12,true,false
-1007,15,-481,13,true,false
-1007,15,-480,14,true,false
-1007,15,-478,14,true,false
-1007,16,-482,11,true,false
-1007,16,-481,12,true,false
-1007,16,-480,13,true,false
-1007,16,-478,13,true,false
-1007,17,-482,10,true,false
-1007,17,-481,11,true,false
-1007,17,-480,12,true,false
-1007,17,-478,12,true,false
-1007,18,-482,9,true,false
-1007,18,-481,10,true,false
-1007,18,-480,11,true,false
-1007,18,-478,11,true,false
-1007,19,-482,8,true,false
-1007,19,-481,9,true,false
-1007,19,-480,10,true,false
-1007,19,-478,10,true,false
-1007,20,-482,7,true,false
-1007,20,-481,8,true,false
-1007,20,-480,9,true,false
-1007,20,-478,9,true,false
-1007,21,-482,6,true,false
-1007,21,-481,7,true,false
-1007,21,-480,8,true,false
-1007,21,-478,8,true,false
-1007,22,-482,5,true,false
-1007,22,-481,6,true,false
-1007,22,-480,7,true,false
-1007,22,-478,7,true,false
-1007,23,-482,4,true,false
-1007,23,-481,5,true,false
-1007,23,-480,6,true,false
-1007,23,-478,6,true,false
